Tema; Nombre Corto          ; Apartado-Bloque; Prioridad; Vuelta1; C.Práctico; Tex; MD; Tamaño ; Nombre Completo
   0; AdministraciónPublica ; 0-0            ;          ;        ;           ; Si ; Si; Corto  ; 
# A. Temas generales
## I. Marco constitucional español y Unión Europea
   1; Constitución1         ; 1-1            ; Alta     ; Si     ; Si        ; Si ;   ; Grande ; La Constitución Española de 1978 (I). Los principios constitucionales. Los derechos fundamentales y sus garantías. La Corona. Cortes Generales. Congreso de los Diputados y Senado. El Gobierno. Los Órganos Constitucionales de control del Gobierno: Tribunal de Cuentas, Defensor del Pueblo. La función consultiva: el Consejo de Estado.
   2; Constitución2         ; 1-1            ; Media    ; Si     ; Si        ;    ;   ;        ; La Constitución Española de 1978 (II). El Poder Judicial. La justicia en la Constitución. El Consejo General del Poder Judicial. El Ministerio Fiscal. El Tribunal Constitucional. Naturaleza, organización y atribuciones.
   3; Constitución3         ; 1-1            ; Alta     ; Si     ; Si        ;    ;   ;        ; La Constitución Española de 1978 (III). Las Comunidades Autónomas: organización política y administrativa. La Administración local: regulación constitucional y entidades que la integran.
   4; Constitución4         ; 1-1            ; Alta     ; Si     ; Si        ;    ;   ;        ; La Constitución Española de 1978 (IV). La Administración pública: Principios constitucionales. La Administración General del Estado. Sus órganos centrales.
   5; UE                    ; 1-1            ; Alta     ; Si     ; Si        ;    ;   ;        ; La Unión Europea: antecedentes, evolución y objetivos. Los tratados originarios y modificativos. El derecho de la Unión Europea. Relación entre el derecho de la Unión Europea y el ordenamiento jurídico de los Estados miembros. Las instituciones: el Consejo Europeo, el Consejo, la Comisión Europea, el Parlamento Europeo el Tribunal de Justicia de la Unión Europea, el Tribunal de Cuentas y el Banco Central Europeo.
   6; OrgTerritorial        ; 1-1            ; Baja     ; No     ; Si        ;    ;   ;        ; La organización territorial de la Administración General del Estado. Delegados y subdelegados del Gobierno. Organización de los servicios periféricos. El sector público institucional. Organización, funcionamiento y principios generales de actuación. Los organismos y entidades públicas estatales.
## II. Actuación administrativa y gestión financiera
   7;                       ; 1-2            ; Alta     ; Si     ; Si        ;    ;   ;        ; Las fuentes del derecho administrativo. La jerarquía de las fuentes. La ley. Las Disposiciones del Gobierno con fuerza de ley: decreto-ley y decreto legislativo. El reglamento: concepto, clases y límites. Otras fuentes del derecho administrativo.
   8;                       ; 1-2            ; Alta     ; Si     ; Si        ;    ;   ;        ; El régimen jurídico de las Administraciones públicas. El procedimiento administrativo y la relación de los ciudadanos con las Administraciones públicas.
   9;                       ; 1-2            ; Alta     ; Si     ; No        ;    ;   ;        ; La revisión de los actos en vía administrativa. Los recursos administrativos. El recurso contencioso-administrativo.
  10;                       ; 1-2            ; Alta     ; Si     ; Si        ;    ;   ;        ; La responsabilidad patrimonial de las Administraciones públicas. Procedimiento de responsabilidad patrimonial. La acción de responsabilidad.
  11;                       ; 1-2            ; Alta     ; Si     ; Si        ;    ;   ;        ; Los contratos de las Administraciones públicas. Principios comunes. La Ley de Contratos del Sector Público. Requisitos necesarios para la celebración de los contratos. Procedimientos de contratación y formas de adjudicación. Tipos de contratos y características generales. La facturación en el sector público.
  12;                       ; 1-2            ; Media    ; Si     ; No        ;    ;   ;        ; Los presupuestos generales del Estado. Estructura del presupuesto: clasificación de los gastos. Las modificaciones presupuestarias. La ejecución del gasto y su control. El control interno: la Intervención General de la Administración del Estado. El control externo: el Tribunal de Cuentas y las Cortes Generales.
  13;                       ; 1-2            ; Alta     ; Si     ; Si        ;    ;   ;        ; Los convenios. Las encomiendas de gestión o encargos a medios propios personificados. Límites en su utilización. La colaboración público-privada en la prestación de los servicios públicos. El régimen jurídico de las subvenciones públicas. Procedimiento.
## III. Estructura social y económica de España;
  14;                       ; 1-3            ; Alta     ; Si     ; Si        ;    ;   ;        ; El modelo económico español en el marco de la economía mundial. El crecimiento sostenible y las políticas ambientales. La Agenda 2030 y los Objetivos de Desarrollo Sostenible. Líneas generales de la política económica actual. La renta nacional. Evolución y distribución. La internacionalización de la economía española. Comercio exterior y balanza de pagos.
  15;                       ; 1-3            ; Alta     ; Si     ; Si        ;    ;   ;        ; El sector primario. El sector industrial. El sector servicios. Los subsectores de comercio, transportes y comunicaciones. El turismo.
  16;                       ; 1-3            ; Alta     ; Si     ; Si        ;    ;   ;        ; La estructura social. Tendencias demográficas. Políticas de igualdad de género. Políticas de igualdad de trato y no discriminación de las personas LGTBI. Discapacidad y dependencia. Políticas contra la violencia de género.
  17;                       ; 1-3            ; Baja     ; Si     ; Si        ;    ;   ;        ; El mercado de trabajo: evolución y características actuales. Principales magnitudes. Políticas públicas de empleo.
  18;                       ; 1-3            ; Baja     ; No     ; No        ;    ;   ;        ; El impacto de las tecnologías de la información y las comunicaciones en la sociedad. La brecha digital. Nuevos hábitos de relación y de consumo de la información.
  19;                       ; 1-3            ; Baja     ; No     ; No        ;    ;   ;        ; El impacto de las tecnologías de la información y las comunicaciones en la economía y en el mercado de trabajo. Principales magnitudes.
## IV. Dirección pública
  20;                       ; 1-4            ; Media    ; Si     ; Si        ;    ;   ;        ; La función gerencial en las Administraciones públicas. Particularidades de la gestión pública.
  21;                       ; 1-4            ; Media    ; No     ; No        ;    ;   ;        ; Liderazgo. Gestión de competencias y personas. Gestión de conflictos e inteligencia emocional en el puesto de trabajo. Técnicas de negociación y gestión comercial.
  22;                       ; 1-4            ; Alta     ; Si     ; Si        ;    ;   ;        ; La calidad en los servicios públicos y el papel de las TIC en su modernización. La legislación en materia de sociedad de la información y administración electrónica en España y Europa.
  23;                       ; 1-4            ; Media    ; Si     ; Si        ;    ;   ;        ; La crisis de la burocracia como sistema de gestión. La adecuación de técnicas del sector privado. El «management» público y la gobernanza. Hacia la excelencia en las instituciones públicas.
  24;                       ; 1-4            ; Alta     ; Si     ; Si        ;    ;   ;        ; Empleo Público en España. Tipología del empleo público. Estatuto Básico del Empleado Público. Planificación de recursos humanos en las Administraciones Públicas: la oferta de empleo público. Ley de Incompatibilidades del personal al servicio de las Administraciones Públicas.
  25; GobiernoAbierto       ; 1-4            ; Media    ; Si     ; No        ; Si ; Si; Medio  ; La gobernanza pública y el gobierno abierto. Concepto y principios informadores del gobierno abierto: colaboración, participación, transparencia y rendición de cuentas. Datos abiertos y reutilización. El marco jurídico y los planes de gobierno abierto en España. La Ley 19/2013, de 9 de diciembre, de transparencia, acceso a la información pública y buen gobierno. El Consejo de Transparencia y Buen Gobierno: Real Decreto 919/2014, de 31 de octubre, por el que se aprueba su estatuto. Funciones. La Oficina de Transparencia y Acceso a la Información (OTAI): Funciones. El Portal de Transparencia. Las Unidades de Información y Transparencia (UITS): Funciones. La transparencia y el acceso a la información en las comunidades autónomas y entidades locales.
  26;                       ; 1-4            ; Alta     ; Si     ; Si        ;    ;   ;        ; La dinamización y el apoyo a la actividad económica y al emprendimiento. La garantía de la unidad de mercado.
  27; ProteccionDeDatos     ; 1-4            ; Alta     ; Si     ; Si        ; Si ;   ; Medio  ; La política de protección de datos de carácter personal. Régimen jurídico. El Reglamento UE 2016/679, de 27 de abril, relativo a la protección de las personas físicas en lo que respecta al tratamiento de datos personales y a la libre circulación de estos datos. Principios y derechos. Obligaciones. El Delegado de Protección de Datos en las Administraciones Públicas. La Agencia Española de Protección de Datos.
# B. Temas específicos
## I. Organización y gestión de los sistemas de información
  28;                       ; 2-1            ; Baja     ; No     ;           ;    ;   ;        ; Definición, estructura, y dimensionamiento eficiente de los sistemas de información.
  29;                       ; 2-1            ; Baja     ; No     ;           ;    ;   ;        ; La información en las organizaciones. Las organizaciones basadas en la información. La Administración como caso específico de este tipo de organización.
  30;                       ; 2-1            ; Alta     ; Si     ; Si        ;    ;   ;        ; Modelos de gobernanza TIC. Organización e instrumentos operativos de las tecnologías de la información y las comunicaciones en la Administración General del Estado y sus organismos públicos. La transformación digital de la Administración General del Estado.
  31;                       ; 2-1            ; Alta     ; Si     ; No        ;    ;   ;        ; Reutilización de la información en el sector público en Europa y España. Papel de las TIC en la implantación de políticas de datos abiertos y transparencia.
  32;                       ; 2-1            ; Baja     ; No     ; Si        ;    ;   ;        ; Estrategia, objetivos y funciones del directivo de sistemas y tecnologías de la información en la Administración.
  33;                       ; 2-1            ; Baja     ; No     ; Si        ;    ;   ;        ; Herramientas de planificación y control de gestión de la función del directivo de sistemas y tecnologías de la información en la Administración. El cuadro de mando.
  34;                       ; 2-1            ; Baja     ; No     ;           ;    ;   ;        ; Organización y funcionamiento de un centro de sistemas de información. Funciones de desarrollo, mantenimiento, sistemas, bases de datos, comunicaciones, seguridad, calidad, microinformática y atención a usuarios.
  35;                       ; 2-1            ; Media    ; Si     ; No        ;    ;   ;        ; Dirección y gestión de proyectos de tecnologías de la información. Planificación estratégica, gestión de recursos, seguimiento de proyectos, toma de decisiones.
  36;                       ; 2-1            ; Baja     ; Si     ; Si        ;    ;   ;        ; Metodologías predictivas para la gestión de proyectos: GANTT, PERT.
  37;                       ; 2-1            ; Alta     ; Si     ;           ;    ;   ;        ; Metodologías ágiles para la gestión de proyectos. Metodologías lean.
  38;                       ; 2-1            ; Alta     ; Si     ; No        ;    ;   ;        ; Auditoría informática. Concepto y contenidos. Administración, planeamiento, organización, infraestructura técnica y prácticas operativas.
  39;                       ; 2-1            ; Alta     ; Si     ; Si        ;    ;   ;        ; La gestión de la compra pública de tecnologías de la información.
  40;                       ; 2-1            ; Media    ; Si     ;           ;    ;   ;        ; Adquisición de sistemas: estudio de alternativas, evaluación de la viabilidad y toma de decisión.
  41;                       ; 2-1            ; Media    ; Si     ;           ;    ;   ;        ; Alternativas básicas de decisión en el campo del equipamiento hardware y software.
  42;                       ; 2-1            ; Media    ; Si     ;           ;    ;   ;        ; La rentabilidad de las inversiones en los proyectos de tecnologías de la información.
  43;                       ; 2-1            ; Media    ; No     ; No        ;    ;   ;        ; La protección jurídica de los programas de ordenador. Los medios de comprobación de la legalidad y control del software.
  44;                       ; 2-1            ; Media    ; Si     ;           ;    ;   ;        ; Accesibilidad y usabilidad. W3C. Diseño universal. Diseño web adaptativo.
  45;                       ; 2-1            ; Alta     ; Si     ; Si        ;    ;   ;        ; Interoperabilidad de sistemas (1). El Esquema Nacional de Interoperabilidad. Dimensiones de la interoperabilidad.
  46;                       ; 2-1            ; Media    ; Si     ; Si        ;    ;   ;        ; Interoperabilidad de sistemas (2). Las Normas Técnicas de Interoperabilidad. Interoperabilidad de los documentos y expedientes electrónicos y normas para el intercambio de datos entre Administraciones Públicas.
  47;                       ; 2-1            ; Alta     ; Si     ;           ;    ;   ;        ; Seguridad de sistemas (1). Análisis y gestión de riesgos. Herramientas.
  48;                       ; 2-1            ; Alta     ; Si     ; Si        ;    ;   ;        ; Seguridad de sistemas (2). El Esquema Nacional de Seguridad. Adecuación al Esquema Nacional de Seguridad. Estrategia Nacional de Seguridad. CCN-STIC.
  49;                       ; 2-1            ; Alta     ; Si     ; Si        ;    ;   ;        ; Infraestructuras, servicios comunes y compartidos para la interoperabilidad entre Administraciones públicas. Cl@ve, la Carpeta Ciudadana, el Sistema de Interconexión de Registros, la Plataforma de Intermediación de Datos, y otros servicios.
  50;                       ; 2-1            ; Media    ; Si     ; No        ;    ;   ;        ; Organizaciones internacionales y nacionales de normalización. Pruebas de conformidad y certificación. El establecimiento de servicios de pruebas de conformidad.
  51;                       ; 2-1            ; Baja     ; No     ; No        ;    ;   ;        ; Planes y Actuaciones de la Agenda Digital para España. Descripción, estructura y objetivos de los planes. El Mercado Único Digital.
## II. Tecnología básica
  52; AltasPrestaciones     ; 2-2            ; Alta     ; Si     ; Si        ; Si ;   ; Corto  ; Sistemas de altas prestaciones. Grid Computing. Mainframe.
  53; Servidores            ; 2-2            ; Alta     ; Si     ;           ; Si ;   ; Corto  ; Equipos departamentales. Servidores. Medidas de seguridad para equipos departamentales y servidores. **Centros** de proceso de datos: diseño, implantación y gestión.
  54; DispositivosPersonales; 2-2            ; Media    ; Si     ;           ; Si ;   ; Corto  ; Dispositivos personales de PC y dispositivos móviles. La conectividad de los dispositivos personales. Medidas de seguridad y gestión para equipos personales y dispositivos móviles.
  55; Nube                  ; 2-2            ; Alta     ; Si     ; Si        ; Si ;   ; Corto  ; Cloud Computing. IaaS, PaaS, SaaS. Nubes privadas, públicas e híbridas.
  56; Almacenamiento        ; 2-2            ; Alta     ; Si     ; Si        ; Si ;   ; Corto  ; Sistemas de almacenamiento para sistemas grandes y departamentales. Dispositivos para tratamiento de información multimedia. Virtualización del almacenamiento. Copias de seguridad.
  57; SistemasMultiusuario  ; 2-2            ; Media    ; No     ;           ; Si ;   ; Corto  ; Tipos de sistemas de información multiusuario. Sistemas grandes, medios y pequeños. Servidores de datos y de aplicaciones. Virtualización de servidores.
  58; SOA                   ; 2-2            ; Alta     ; Si     ;           ; Si ;   ; Corto  ; El procesamiento cooperativo y la arquitectura cliente-servidor. Arquitectura SOA.
  59; SO                    ; 2-2            ; Media    ; Si     ; No        ; Si ;   ; Corto  ; Conceptos y fundamentos de sistemas operativos. Evolución y tendencias.
  60; SoUnix                ; 2-2            ; Media    ; Si     ; No        ; Si ;   ; Corto  ; Sistemas operativos UNIX-LINUX. Fundamentos, administración, instalación, gestión.
  61; SoMicrosoft           ; 2-2            ; Media    ; Si     ; No        ; Si ;   ; Corto  ; Sistemas operativos Microsoft. Fundamentos, administración, instalación, gestión.
  62; SoOtros               ; 2-2            ; Media    ; No     ; No        ; Si ;   ; Corto  ; Conceptos básicos de otros sistemas operativos: OS X, iOS, Android, z/OS. Sistemas operativos para dispositivos móviles.
  63; SGBD                  ; 2-2            ; Media    ; Si     ; Si        ; Si ;   ; Medio  ; Los sistemas de gestión de bases de datos SGBD. El modelo de referencia de ANSI.
  64; BDRelacional          ; 2-2            ; Alta     ; Si     ; Si        ; Si ;   ; Medio  ; El modelo relacional. El lenguaje SQL. Normas y estándares para la interoperabilidad entre gestores de bases de datos relacionales.
  65; ArquitecturaWeb       ; 2-2            ; Media    ; Si     ;           ; Si ;   ; Medio  ; Arquitectura de desarrollo en la web. Desarrollo web front-end. Scripts de cliente. Frameworks. UX. Desarrollo web en servidor, conexión a bases de datos e interconexión con sistemas y servicios.
  66; .NET                  ; 2-2            ; Baja     ; No     ; No        ; Si ;   ; Medio  ; Entorno de desarrollo Microsoft.NET.
  67; Java                  ; 2-2            ; Alta     ; Si     ; Si        ; Si ;   ; Corto  ; Entorno de desarrollo JAVA.
  68; PHP                   ; 2-2            ; Baja     ; No     ;           ; Si ;   ; Corto  ; Entorno de desarrollo PHP.
  69; OpenSource            ; 2-2            ; Baja     ; No     ; No        ; Si ;   ; Medio  ; Software de código abierto. Software libre. Conceptos base. Aplicaciones en entorno ofimático y servidores web.
  70; IA                    ; 2-2            ; Media    ; Si     ; Si        ; Si ;   ; Grande ; Inteligencia artificial: Finalidad y clasificación: machine learning, deep learning, NLP, visión artificial, sistemas expertos, robótica, y agentes inteligentes. Aspectos éticos.
  71;                       ; 2-2            ; Media    ; Si     ; Si        ;    ;   ;        ; Ciencia de datos. Ciclo de vida de los procesos de modelado de datos (ETL, preprocesado, modelado, validación, MLops). Fundamentos estadísticos. Herramientas y lenguajes. Visualización de datos.
  72; CRM-ERP               ; 2-2            ; Baja     ; No     ;           ;    ;   ;        ; Sistemas CRM (Customer Relationship Management) y ERP (Enterprise Resource Planning). Generación de informes a la dirección.
  73; ELearning             ; 2-2            ; Media    ; Si     ; No        ;    ;   ;        ; E-learning: conceptos, herramientas, sistemas de implantación y normalización.
  74;                       ; 2-2            ; Baja     ; No     ;           ;    ;   ;        ; Los sistemas de información geográfica. Conceptos y funcionalidad básicos.
  75;                       ; 2-2            ; Media    ; Si     ; Si        ;    ;   ;        ; Tecnologías y sistemas de explotación de datos: data lake, data warehouse, lakehouse, data fabric, data mesh, tecnologías para la protección de la confidencialidad (PET). Entornos de compartición de datos: espacios de datos, aspectos tecnológicos y organizativos.
  76;                       ; 2-2            ; Media    ; No     ; No        ;    ;   ;        ; Estrategia del dato. Gobierno del dato, gestión del dato y gestión de la calidad del dato. Tecnologías y estándares para descripción de catálogos y conjuntos de datos: semánticas y ontologías.
  77;                       ; 2-2            ; Alta     ; Si     ;           ;    ;   ;        ; Lenguajes y herramientas para la utilización de redes globales. HTML, CSS y XML. Navegadores web y compatibilidad con estándares.
  78;                       ; 2-2            ; Media    ; Si     ; Si        ;    ;   ;        ; Comercio electrónico. Mecanismos de pago. Gestión del negocio. Factura electrónica. Pasarelas de pago.
  79;                       ; 2-2            ; Alta     ; Si     ; Si        ;    ;   ;        ; El cifrado. Algoritmos de cifrado simétricos y asimétricos. La función hash. El notariado.
  80;                       ; 2-2            ; Alta     ; Si     ; Si        ;    ;   ;        ; Adaptación de aplicaciones y entornos a los requisitos de la normativa de protección de datos según los niveles de seguridad. Herramientas de cifrado y auditoría.
  83;                       ; 2-2            ; Baja     ; No     ; No        ;    ;   ;        ; El tratamiento de imágenes. Tecnologías de digitalización y de impresión. Impresión 3D.
  84;                       ; 2-2            ; Media    ; No     ; No        ;    ;   ;        ; Reconocimiento óptico de caracteres (OCR, ICR). Reconocimiento biométrico.
  85;                       ; 2-2            ; Media    ; Si     ; Si        ;    ;   ;        ; Características del blockchain, glosario de Szavo, tipos de redes y algoritmos de consenso, Smart contract. El consorcio europeo EBP y la construcción de la infraestructura EBSI.
## III. Ingeniería de los sistemas de información
  86;                       ; 2-3            ; Alta     ; Si     ;           ;    ;   ;        ; El ciclo de vida de los sistemas de información. Modelos del ciclo de vida.
  87;                       ; 2-3            ; Media    ; Si     ;           ;    ;   ;        ; Planificación estratégica de sistemas de información y de comunicaciones. El plan de sistemas de información.
  88;                       ; 2-3            ; Alta     ; Si     ; Si        ;    ;   ;        ; Análisis funcional de sistemas, casos de uso e historias de usuario. Metodologías de desarrollo de sistemas. Metodologías ágiles: Scrum y Kanban.
  89;                       ; 2-3            ; Alta     ; Si     ;           ;    ;   ;        ; Análisis del dominio de los sistemas: modelado de dominio, modelo entidad relación y modelos de clases.
  90;                       ; 2-3            ; Alta     ; Si     ;           ;    ;   ;        ; Análisis dinámico de sistemas: modelado de procesos, modelado dinámico y BPMN (Business Process Model and Notation).
  91;                       ; 2-3            ; Media    ; No     ;           ;    ;   ;        ; Análisis de aspectos no funcionales: rendimiento, seguridad, privacidad.
  92;                       ; 2-3            ; Media    ; Si     ;           ;    ;   ;        ; Diseño arquitectónico de sistemas. Diagramas de despliegue.
  93;                       ; 2-3            ; Alta     ; Si     ;           ;    ;   ;        ; Técnicas de diseño de software. Diseño por capas y patrones de diseño.
  94;                       ; 2-3            ; Media    ; Si     ;           ;    ;   ;        ; La elaboración de prototipos en el desarrollo de sistemas. Diseño de interfaces de aplicaciones.
  95;                       ; 2-3            ; Media    ; Si     ;           ;    ;   ;        ; La metodología de planificación y desarrollo de sistemas de información Métrica.
  96;                       ; 2-3            ; Media    ; Si     ;           ;    ;   ;        ; Procesos de pruebas y garantía de calidad en el desarrollo de software. Planificación, estrategia de pruebas y estándares. Niveles, técnicas y herramientas de pruebas de software. Criterios de aceptación de software.
  97;                       ; 2-3            ; Media    ; Si     ;           ;    ;   ;        ; Modelos de integración continua. Herramientas y sus aplicaciones.
  98;                       ; 2-3            ; Media    ; Si     ; No        ;    ;   ;        ; Métricas y evaluación de la calidad del software. La implantación de la función de calidad.
  99;                       ; 2-3            ; Media    ; No     ; Si        ;    ;   ;        ; La estimación de recursos y esfuerzo en el desarrollo de sistemas de información.
 100;                       ; 2-3            ; Baja     ; No     ;           ;    ;   ;        ; La migración de aplicaciones en el marco de procesos de ajuste dimensional y por obsolescencia técnica. Gestión de la configuración y de versiones. Gestión de entornos.
 101;                       ; 2-3            ; Baja     ; No     ;           ;    ;   ;        ; Mantenimiento de sistemas. Mantenimiento predictivo, adaptativo y correctivo. Planificación y gestión del mantenimiento.
 102;                       ; 2-3            ; Baja     ; Si     ;           ;    ;   ;        ; Gestión de cambios en proyectos de desarrollo de software. Gestión de la configuración y de versiones. Gestión de entornos.
 103;                       ; 2-3            ; Media    ; Si     ; No        ;    ;   ;        ; La calidad en los servicios de información. El Modelo EFQM y la Guía para los servicios ISO 9004.
 104;                       ; 2-3            ; Baja     ; No     ; Si        ;    ;   ;        ; Gestión documental. Gestión de contenidos. Tecnologías CMS y DMS de alta implantación.
 105;                       ; 2-3            ; Baja     ; No     ; No        ;    ;   ;        ; Sistemas de recuperación de la información. Políticas, procedimientos y métodos para la conservación de la información.
 106;                       ; 2-3            ; Media    ; Si     ; No        ;    ;   ;        ; Planificación y control de las TIC: gestión de servicios e infraestructuras TIC, gestión del valor de las TIC. Acuerdos de nivel de servicio. Gestión de incidencias. Bases conceptuales de ITIL (IT Infrastructure Library), y CoBIT (Control Objetives forInformation and Related Technology), objetivos de control y métricas.
 107;                       ; 2-3            ; Media    ; Si     ; No        ;    ;   ;        ; Las tecnologías emergentes. Concepto. Clasificación, aspectos jurídicos y aplicaciones.
## IV. Redes, comunicaciones e Internet
 108;                       ; 2-4            ; Baja     ; No     ; No        ;    ;   ;        ; Redes de telecomunicaciones. Conceptos. Medios de transmisión. Conmutación de circuitos y paquetes. Protocolos de encaminamiento. Infraestructuras de acceso. Interconexión de redes. Calidad de servicio.
 109;                       ; 2-4            ; Media    ; Si     ;           ;    ;   ;        ; La red Internet y los servicios básicos.
 110;                       ; 2-4            ; Baja     ; Si     ; No        ;    ;   ;        ; Sistemas de cableado y equipos de interconexión de redes.
 111;                       ; 2-4            ; Baja     ; Si     ; No        ;    ;   ;        ; El modelo de referencia de interconexión de sistemas abiertos (OSI) de ISO: arquitectura, capas, interfaces, protocolos, direccionamiento y encaminamiento.11
 112;                       ; 2-4            ; Baja     ; No     ; No        ;    ;   ;        ; Tecnologías de acceso: fibra (GPON, FTTH), móviles (LTE), inalámbrica.1
 113;                       ; 2-4            ; Media    ; Si     ; No        ;    ;   ;        ; Redes de transporte: JDSxWDM, MPLS. Redes de agregación: ATM, Carrier Ethernet-VPLS (H-VPLS).
 114;                       ; 2-4            ; Alta     ; Si     ; No        ;    ;   ;        ; Redes inalámbricas: el estándar IEEE 802.11. Características funcionales y técnicas. Sistemas de expansión del espectro. Sistemas de acceso. Autenticación.Modos de operación. Bluetooth. Seguridad, normativa reguladora.
 115;                       ; 2-4            ; Alta     ; Si     ; No        ;    ;   ;        ; Redes IP: arquitectura de redes, encaminamiento y calidad de servicio. Transición y convivencia IPv4 - IPv6. Funcionalidades específicas de IPv6.
 116;                       ; 2-4            ; Baja     ; No     ; No        ;    ;   ;        ; Redes de nueva generación y servicios convergentes (NGN/IMS). VoIP, ToIP ycomunicaciones unificadas
 117;                       ; 2-4            ; Baja     ; No     ; No        ;    ;   ;        ; La transformación digital e industria 4.0: ciudades inteligentes. Internet de las Cosas (IoT).
 118;                       ; 2-4            ; Alta     ; Si     ; No        ;    ;   ;        ; Redes de área local. Arquitectura. Tipología. Medios de transmisión. Métodos de acceso. Dispositivos de interconexión. Gestión de dispositivos. Administración deredes LAN. Gestión de usuarios en redes locales. Monitorización y control de tráfico Gestión SNMP. Configuración y gestión de redes virtuales (VLAN). Redes de área extensa.
 119;                       ; 2-4            ; Baja     ; No     ; Si        ;    ;   ;        ; Arquitectura de las redes Intranet y Extranet. Concepto, estructura y características. Su implantación en las organizaciones. Modelo de capas: servidores de aplicaciones, servidores de datos, granjas de servidores.
 120;                       ; 2-4            ; Media    ; Si     ;           ;    ;   ;        ; Las redes públicas de transmisión de datos. La red SARA. La red sTESTA. Planificación y gestión de redes.
 121;                       ; 2-4            ; Baja     ; No     ; No        ;    ;   ;        ; Telecomunicaciones por cable (CATV). Estructura de la red de cable. Operadores del mercado. Servicios de red.
 122;                       ; 2-4            ; Media    ; No     ;           ;    ;   ;        ; El correo electrónico. Servicios de mensajería. Servicios de directorio.
 123;                       ; 2-4            ; Alta     ; Si     ; No        ;    ;   ;        ; Las comunicaciones móviles. Generaciones de tecnologías de telefonía móvil.
 124;                       ; 2-4            ; Media    ; No     ; No        ;    ;   ;        ; Aplicaciones móviles. Características, tecnologías, distribución y tendencias.
 125;                       ; 2-4            ; Alta     ; Si     ; Si        ;    ;   ;        ; La seguridad en redes. Tipos de ataques y herramientas para su prevención: cortafuegos, control de accesos e intrusiones, técnicas criptográficas, etc. Medidas específicas para las comunicaciones móviles.
 126;                       ; 2-4            ; Alta     ; Si     ;           ;    ;   ;        ; La seguridad en el nivel de aplicación. Tipos de ataques y protección de servicios web, bases de datos e interfaces de usuario.
 127;                       ; 2-4            ; Media    ; No     ; No        ;    ;   ;        ; Ciberseguridad. La estrategia nacional de ciberseguridad.
 128;                       ; 2-4            ; Alta     ; Si     ;           ;    ;   ;        ; La gestión de la continuidad del negocio. Planes de Continuidad y Contingencia del Negocio.
 139;                       ; 2-4            ; Media    ; No     ; No        ;    ;   ;        ; Normas reguladoras de las telecomunicaciones. La Comisión Nacional de los Mercados y la Competencia (CNMC): organización, funciones y competencia en elámbito de las telecomunicaciones.
 130;                       ; 2-4            ; Baja     ; No     ; No        ;    ;   ;        ; Sistemas de videoconferencia. Herramientas de trabajo en grupo. Dimensionamiento y calidad de servicio en las comunicaciones y acondicionamiento de salas y equipos. Streaming de video.
 131;                       ; 2-4            ; Baja     ; No     ; No        ;    ;   ;        ; Acceso remoto a sistemas corporativos: gestión de identidades, single sign-on y teletrabajo.
 132;                       ; 2-4            ; Alta     ; Si     ; Si        ;    ;   ;        ; Virtualización de sistemas y de centros de datos. Virtualización de puestos de trabajo. Maquetas de terminales Windows y de servidores Linux.
 133;                       ; 2-4            ;          ; No     ; Si        ;    ;   ;        ; Herramientas de trabajo colaborativo y redes sociales. La Guía de comunicación digital de la Administración del Estado.